[
    {
        "id": 1469013041290,
        "author": "Chris",
        "text": "Can you please explain the last line a little more?"
    },
    {
        "id": 1469013062140,
        "author": "Ryan",
        "text": "Nice one"
    },
    {
        "id": 1469013123819,
        "author": "Samuele Zaza",
        "text": "Could you show some test code?"
    },
    {
        "id": 1471074137707,
        "author": "Chris",
        "text": "Hi"
    },
    {
        "id": 1471074253479,
        "author": "Chris",
        "text": "Hi"
    },
    {
        "id": 1471074306464,
        "author": "Chris",
        "text": "Hi"
    },
    {
        "id": 1471074385294,
        "author": "Chris",
        "text": "Hi"
    },
    {
        "id": 1471074615038,
        "author": "Chris",
        "text": "Hi"
    },
    {
        "id": 1471075083535,
        "author": "Chris",
        "text": "Hi"
    }
]